mae_expected_count,rmse_expected_count,brier_event,positive_rate_test,roc_auc_event
0.594414124042304,2.1717542464358086,0.0880880687909473,0.26901408450704223,0.9383687473449299
