model,MAE,RMSE,sMAPE(%)
SeasonalNaive_H1,20.875,23.094912859761994,52.28781345228528
TCN,32.36001984879217,35.722869305537806,69.98616912382842
