mae_expected_count,rmse_expected_count,brier_event,positive_rate_test,roc_auc_event
0.037753628713308784,0.12457698429301209,0.009603357697324373,0.009974747474747475,0.8717395901775639
