mae_cell_or_region,rmse_cell_or_region,mae_monthly_total,rmse_monthly_total,n_test_rows
0.2922175222738699,0.5226941311007075,6.035740494888489,7.077658812427565,624
