model,MAE,RMSE,sMAPE(%)
SARIMA,27.46188488508078,30.707383804169538,63.61018302944059
SGBoost,32.53254222869873,35.4593903873825,70.41372166664404
