quarter,actual,sarima_pred,sgboost_pred,sarima_abs_error,sgboost_abs_error
2023Q4,68.0,66.95155827822022,52.805152893066406,1.0484417217797812,15.194847106933594
2024Q1,46.0,63.28787094602171,57.254276275634766,17.287870946021712,11.254276275634766
2024Q2,31.0,67.22011575468966,65.31438446044922,36.22011575468966,34.31438446044922
2024Q3,39.0,57.08192202258048,64.05187225341797,18.08192202258048,25.05187225341797
2024Q4,25.0,64.48840049961733,73.96087646484375,39.48840049961733,48.96087646484375
2025Q1,27.0,56.94735779706609,65.98092651367188,29.94735779706609,38.980926513671875
2025Q2,13.0,60.05789168147509,67.16609954833984,47.05789168147509,54.166099548339844
2025Q3,25.0,55.56307865741611,57.33705520629883,30.563078657416114,32.33705520629883
