quarter,actual,tcn_pred,seasonal_naive_pred,tcn_abs_error,naive_abs_error
2023Q4,68.0,63.09728428022378,47.0,4.902715719776218,21.0
2024Q1,46.0,62.23533574369862,52.0,16.23533574369862,6.0
2024Q2,31.0,62.83001304652139,53.0,31.830013046521387,22.0
2024Q3,39.0,65.00976259000488,63.0,26.009762590004883,24.0
2024Q4,25.0,65.93028346474806,68.0,40.93028346474806,43.0
2025Q1,27.0,67.09330086109733,46.0,40.09330086109733,19.0
2025Q2,13.0,67.93676779519026,31.0,54.93676779519026,18.0
2025Q3,25.0,68.94197956930059,39.0,43.941979569300585,14.0
